{
  "mean": [
    -41.0289189589364,
    -37.391093831311274,
    -31.32842555821798,
    -27.968975155548062,
    -27.687276456572185,
    -28.98705787632194,
    -30.539987603042853,
    -31.22285872260192,
    -31.232280994626766,
    -31.747127297254927,
    -32.97683173265171,
    -34.208223208827654,
    -35.540007398480775,
    -37.054832107125065,
    -38.590217164482624,
    -39.53147531738737,
    -40.06177786451552,
    -40.930937840298,
    -41.99118920274172,
    -43.01119851603423,
    -44.078076894565065,
    -44.88047859827656,
    -45.52518716583329,
    -46.21019662400027,
    -46.755747175742144,
    -47.29685737227648,
    -48.154137211011104,
    -48.75230349397348,
    -49.10100738163941,
    -49.32454968408515,
    -49.6053511003925,
    -49.81321440492484,
    -50.21593641416037,
    -50.22602240300731,
    -50.83006515644612,
    -51.48786372216813,
    -50.79580815533066,
    -51.67356040121372,
    -51.324396902297494,
    -52.225120949026504,
    -51.791123066617246,
    -52.59895707943992,
    -52.952547468398144,
    -53.27226544095275,
    -53.63234351551191,
    -53.941473646691854,
    -54.00586266177584,
    -54.085238191177844,
    -54.07358809408101,
    -54.01932686474021,
    -54.28170417153719,
    -54.73182335525157,
    -55.08708089040541,
    -55.37038463121332,
    -55.771432586623234,
    -56.17595260015519,
    -56.74643732797363,
    -57.10944557945649,
    -57.259834552062486,
    -57.521778433703524,
    -57.62819235078947,
    -57.878913325888405,
    -58.054327487886056,
    -58.36395372366551,
    -58.64714694883914,
    -58.90801595008256,
    -59.13401516412918,
    -59.40113198146222,
    -59.74870598535706,
    -60.364685753827416,
    -60.94154136788713,
    -61.506140049917995,
    -61.681631879983534,
    -61.86367218153318,
    -62.15012217551783,
    -62.63566694287954,
    -63.225011862941166,
    -63.63478289896146,
    -63.995488481953245,
    -64.99096888848244
  ],
  "std": [
    14.846730817314757,
    15.4181475859097,
    17.54283778780547,
    18.7054727354309,
    18.975898565419662,
    18.841611083993076,
    18.540516359063442,
    18.67609566015165,
    19.02155151079636,
    19.302604861359278,
    19.26769824016387,
    19.116649783467206,
    19.129365194179112,
    19.170127313724723,
    18.987787653153134,
    18.56207298919248,
    18.38760121551332,
    18.263501573607265,
    18.083463607282255,
    17.769886676617528,
    17.44875169961821,
    17.195699749757992,
    17.093190977959406,
    16.969925710364965,
    16.83637806954051,
    16.743598786991154,
    16.594065457525154,
    16.566981139965918,
    16.413505751205893,
    16.185432440161943,
    16.022655336516035,
    15.912364886048808,
    15.86962413809872,
    15.869157696612694,
    15.822814863623591,
    15.757598340303234,
    15.761159665589032,
    15.650260608542393,
    15.544044936202233,
    15.341571522496903,
    15.328459212431929,
    15.14719425755359,
    15.0462100109851,
    14.921494777813143,
    14.73170133679848,
    14.6836273191157,
    14.74719533885608,
    14.736346955991534,
    14.787576720441008,
    14.822664206765438,
    14.728608438612728,
    14.543195558906056,
    14.398855600854075,
    14.312997602119147,
    14.071800589112394,
    13.85615706834494,
    13.722597628205289,
    13.679415449868674,
    13.690846359826654,
    13.698231199521123,
    13.697705656163837,
    13.669665938216824,
    13.652483306026198,
    13.55186937108396,
    13.431987933239325,
    13.267229693000017,
    13.224410065644415,
    13.170110422514096,
    13.039572695484646,
    12.933890334568986,
    12.865938888285266,
    12.717846673075957,
    12.545555110598706,
    12.398763117377944,
    12.344246000033026,
    12.138027855051073,
    11.833610994444689,
    11.58238343324525,
    11.501125102468993,
    11.027081443909037
  ],
  "variance": [
    220.4254159618037,
    237.71927498089312,
    307.7511576492555,
    349.8947102559487,
    360.08472636509606,
    355.0063082404507,
    343.75074686069917,
    348.7965491071353,
    361.81942187787934,
    372.5905544337709,
    371.2441954740139,
    365.44629894373685,
    365.9326127322713,
    367.4937812244147,
    360.5360799612346,
    344.55055365610906,
    338.103878460747,
    333.555489729155,
    327.01165603590175,
    315.7688724998291,
    304.4589358749294,
    295.692089883827,
    292.1771778089928,
    287.97837861530587,
    283.4636265005045,
    280.3481003397317,
    275.36300840862947,
    274.4648640919864,
    269.4031710448689,
    261.96822327504657,
    256.7254840327858,
    253.20335626675907,
    251.84497028452554,
    251.8301659999619,
    250.36147020850765,
    248.30190545432725,
    248.41415400419055,
    244.93065711529368,
    241.61733297867428,
    235.3638167798879,
    234.96166182718923,
    229.43749387606442,
    226.3884356946682,
    222.6510064043049,
    217.02302427663014,
    215.60891124668092,
    217.4797703623785,
    217.15992160736093,
    218.6724252629288,
    219.71137418652526,
    216.93190653797404,
    211.50453706458487,
    207.32704261424678,
    204.86190035826843,
    198.01557181974394,
    191.99308870264545,
    188.3096856656254,
    187.12640705010577,
    187.43927404837873,
    187.6415379955339,
    187.62714024290275,
    186.85976686244524,
    186.390300421324,
    183.65316345092359,
    180.41829983868686,
    176.01938372682133,
    174.88502158431731,
    173.45180854121443,
    170.0304560808287,
    167.28551918665704,
    165.53238347709112,
    161.7436239998692,
    157.3909530330693,
    153.72932684085163,
    152.38040930933136,
    147.33172020999575,
    140.0343491678422,
    134.151605994714,
    132.2758786226424,
    121.59652517060302
  ],
  "min": [
    -92.2669677734375,
    -92.15906524658203,
    -92.15906524658203,
    -92.15906524658203,
    -92.77527618408203,
    -92.15906524658203,
    -92.15906524658203,
    -92.15906524658203,
    -92.77527618408203,
    -92.15906524658203,
    -92.77527618408203,
    -92.77527618408203,
    -92.77527618408203,
    -94.39199829101562,
    -94.39199829101562,
    -92.77527618408203,
    -92.77527618408203,
    -94.39199829101562,
    -92.77527618408203,
    -93.7656021118164,
    -92.77527618408203,
    -94.39199829101562,
    -94.39199829101562,
    -93.9626235961914,
    -94.39199829101562,
    -93.71966552734375,
    -94.39199829101562,
    -94.39199829101562,
    -94.39199829101562,
    -94.39199829101562,
    -94.39199829101562,
    -94.39199829101562,
    -94.39199829101562,
    -92.77527618408203,
    -94.12138366699219,
    -94.9814453125,
    -92.77527618408203,
    -93.73826599121094,
    -92.52789306640625,
    -92.52789306640625,
    -92.77527618408203,
    -94.39199829101562,
    -94.39199829101562,
    -94.29521942138672,
    -94.39199829101562,
    -94.39199829101562,
    -92.81216430664062,
    -92.85311889648438,
    -94.39199829101562,
    -93.34040832519531,
    -94.39199829101562,
    -94.39199829101562,
    -94.39199829101562,
    -93.80427551269531,
    -93.28094482421875,
    -92.95301818847656,
    -93.61668395996094,
    -94.61376190185547,
    -92.77527618408203,
    -94.39199829101562,
    -92.85521697998047,
    -94.39199829101562,
    -93.3455810546875,
    -92.77527618408203,
    -92.77527618408203,
    -92.77527618408203,
    -92.77527618408203,
    -92.77527618408203,
    -92.3930435180664,
    -93.53148651123047,
    -91.40885162353516,
    -91.73770904541016,
    -92.52789306640625,
    -92.77527618408203,
    -92.77527618408203,
    -92.77527618408203,
    -93.31752014160156,
    -92.77527618408203,
    -94.1981201171875,
    -94.39199829101562
  ],